--
-- PostgreSQL database dump
--

-- Dumped from database version 12.4
-- Dumped by pg_dump version 12.4

SET statement_timeout = 0;
SET lock_timeout = 0;
SET idle_in_transaction_session_timeout = 0;
SET client_encoding = 'UTF8';
SET standard_conforming_strings = on;
SELECT pg_catalog.set_config('search_path', '', false);
SET check_function_bodies = false;
SET xmloption = content;
SET client_min_messages = warning;
SET row_security = off;

SET default_tablespace = '';

SET default_table_access_method = heap;

--
-- Name: active_admin_comments; Type: TABLE; Schema: public; Owner: mantero
--

CREATE TABLE public.active_admin_comments (
    id bigint NOT NULL,
    namespace text,
    body text,
    resource_type text,
    resource_id bigint,
    author_type text,
    author_id bigint,
    created_at text NOT NULL,
    updated_at text NOT NULL
);


ALTER TABLE public.active_admin_comments OWNER TO mantero;

--
-- Name: active_admin_comments_id_seq; Type: SEQUENCE; Schema: public; Owner: mantero
--

ALTER TABLE public.active_admin_comments ALTER COLUMN id ADD GENERATED BY DEFAULT AS IDENTITY (
    SEQUENCE NAME public.active_admin_comments_id_seq
    START WITH 1
    INCREMENT BY 1
    NO MINVALUE
    NO MAXVALUE
    CACHE 1
);


--
-- Name: active_storage_attachments; Type: TABLE; Schema: public; Owner: mantero
--

CREATE TABLE public.active_storage_attachments (
    id bigint NOT NULL,
    name text NOT NULL,
    record_type text NOT NULL,
    record_id bigint NOT NULL,
    blob_id bigint NOT NULL,
    created_at timestamp without time zone NOT NULL
);


ALTER TABLE public.active_storage_attachments OWNER TO mantero;

--
-- Name: active_storage_attachments_id_seq; Type: SEQUENCE; Schema: public; Owner: mantero
--

ALTER TABLE public.active_storage_attachments ALTER COLUMN id ADD GENERATED BY DEFAULT AS IDENTITY (
    SEQUENCE NAME public.active_storage_attachments_id_seq
    START WITH 1
    INCREMENT BY 1
    NO MINVALUE
    NO MAXVALUE
    CACHE 1
);


--
-- Name: active_storage_blobs; Type: TABLE; Schema: public; Owner: mantero
--

CREATE TABLE public.active_storage_blobs (
    id bigint NOT NULL,
    key text NOT NULL,
    filename text NOT NULL,
    content_type text,
    metadata text,
    service_name text NOT NULL,
    byte_size bigint NOT NULL,
    checksum text NOT NULL,
    created_at timestamp without time zone NOT NULL
);


ALTER TABLE public.active_storage_blobs OWNER TO mantero;

--
-- Name: active_storage_blobs_id_seq; Type: SEQUENCE; Schema: public; Owner: mantero
--

ALTER TABLE public.active_storage_blobs ALTER COLUMN id ADD GENERATED BY DEFAULT AS IDENTITY (
    SEQUENCE NAME public.active_storage_blobs_id_seq
    START WITH 1
    INCREMENT BY 1
    NO MINVALUE
    NO MAXVALUE
    CACHE 1
);


--
-- Name: active_storage_variant_records; Type: TABLE; Schema: public; Owner: mantero
--

CREATE TABLE public.active_storage_variant_records (
    id bigint NOT NULL,
    blob_id bigint NOT NULL,
    variation_digest text NOT NULL
);


ALTER TABLE public.active_storage_variant_records OWNER TO mantero;

--
-- Name: active_storage_variant_records_id_seq; Type: SEQUENCE; Schema: public; Owner: mantero
--

ALTER TABLE public.active_storage_variant_records ALTER COLUMN id ADD GENERATED BY DEFAULT AS IDENTITY (
    SEQUENCE NAME public.active_storage_variant_records_id_seq
    START WITH 1
    INCREMENT BY 1
    NO MINVALUE
    NO MAXVALUE
    CACHE 1
);


--
-- Name: admin_users; Type: TABLE; Schema: public; Owner: mantero
--

CREATE TABLE public.admin_users (
    id bigint NOT NULL,
    email text DEFAULT ''::text NOT NULL,
    encrypted_password text DEFAULT ''::text NOT NULL,
    reset_password_token text,
    reset_password_sent_at timestamp without time zone,
    remember_created_at timestamp without time zone,
    created_at text NOT NULL,
    updated_at text NOT NULL
);


ALTER TABLE public.admin_users OWNER TO mantero;

--
-- Name: admin_users_id_seq; Type: SEQUENCE; Schema: public; Owner: mantero
--

ALTER TABLE public.admin_users ALTER COLUMN id ADD GENERATED BY DEFAULT AS IDENTITY (
    SEQUENCE NAME public.admin_users_id_seq
    START WITH 1
    INCREMENT BY 1
    NO MINVALUE
    NO MAXVALUE
    CACHE 1
);


--
-- Name: ar_internal_metadata; Type: TABLE; Schema: public; Owner: mantero
--

CREATE TABLE public.ar_internal_metadata (
    key text NOT NULL,
    value text,
    created_at text NOT NULL,
    updated_at text NOT NULL
);


ALTER TABLE public.ar_internal_metadata OWNER TO mantero;

--
-- Name: categories; Type: TABLE; Schema: public; Owner: mantero
--

CREATE TABLE public.categories (
    id bigint NOT NULL,
    name text,
    description text,
    created_at text NOT NULL,
    updated_at text NOT NULL
);


ALTER TABLE public.categories OWNER TO mantero;

--
-- Name: categories_id_seq; Type: SEQUENCE; Schema: public; Owner: mantero
--

ALTER TABLE public.categories ALTER COLUMN id ADD GENERATED BY DEFAULT AS IDENTITY (
    SEQUENCE NAME public.categories_id_seq
    START WITH 1
    INCREMENT BY 1
    NO MINVALUE
    NO MAXVALUE
    CACHE 1
);


--
-- Name: order_details; Type: TABLE; Schema: public; Owner: mantero
--

CREATE TABLE public.order_details (
    id bigint NOT NULL,
    price numeric,
    quantity numeric,
    product_id bigint,
    order_id bigint,
    created_at text NOT NULL,
    updated_at text NOT NULL,
    tax_rate numeric
);


ALTER TABLE public.order_details OWNER TO mantero;

--
-- Name: order_details_id_seq; Type: SEQUENCE; Schema: public; Owner: mantero
--

ALTER TABLE public.order_details ALTER COLUMN id ADD GENERATED BY DEFAULT AS IDENTITY (
    SEQUENCE NAME public.order_details_id_seq
    START WITH 1
    INCREMENT BY 1
    NO MINVALUE
    NO MAXVALUE
    CACHE 1
);


--
-- Name: order_statuses; Type: TABLE; Schema: public; Owner: mantero
--

CREATE TABLE public.order_statuses (
    id bigint NOT NULL,
    name text,
    created_at text NOT NULL,
    updated_at text NOT NULL
);


ALTER TABLE public.order_statuses OWNER TO mantero;

--
-- Name: order_statuses_id_seq; Type: SEQUENCE; Schema: public; Owner: mantero
--

ALTER TABLE public.order_statuses ALTER COLUMN id ADD GENERATED BY DEFAULT AS IDENTITY (
    SEQUENCE NAME public.order_statuses_id_seq
    START WITH 1
    INCREMENT BY 1
    NO MINVALUE
    NO MAXVALUE
    CACHE 1
);


--
-- Name: orders; Type: TABLE; Schema: public; Owner: mantero
--

CREATE TABLE public.orders (
    id bigint NOT NULL,
    order_date date,
    total_tax numeric,
    grand_total numeric,
    user_id bigint,
    created_at text NOT NULL,
    updated_at text NOT NULL,
    payment_id text,
    order_status_id bigint
);


ALTER TABLE public.orders OWNER TO mantero;

--
-- Name: orders_id_seq; Type: SEQUENCE; Schema: public; Owner: mantero
--

ALTER TABLE public.orders ALTER COLUMN id ADD GENERATED BY DEFAULT AS IDENTITY (
    SEQUENCE NAME public.orders_id_seq
    START WITH 1
    INCREMENT BY 1
    NO MINVALUE
    NO MAXVALUE
    CACHE 1
);


--
-- Name: products; Type: TABLE; Schema: public; Owner: mantero
--

CREATE TABLE public.products (
    id bigint NOT NULL,
    name text,
    price numeric,
    description text,
    battery_life numeric,
    category_id bigint,
    created_at text NOT NULL,
    updated_at text NOT NULL
);


ALTER TABLE public.products OWNER TO mantero;

--
-- Name: products_id_seq; Type: SEQUENCE; Schema: public; Owner: mantero
--

ALTER TABLE public.products ALTER COLUMN id ADD GENERATED BY DEFAULT AS IDENTITY (
    SEQUENCE NAME public.products_id_seq
    START WITH 1
    INCREMENT BY 1
    NO MINVALUE
    NO MAXVALUE
    CACHE 1
);


--
-- Name: provinces; Type: TABLE; Schema: public; Owner: mantero
--

CREATE TABLE public.provinces (
    id bigint NOT NULL,
    name text,
    hst numeric,
    gst numeric,
    pst numeric,
    created_at text NOT NULL,
    updated_at text NOT NULL
);


ALTER TABLE public.provinces OWNER TO mantero;

--
-- Name: provinces_id_seq; Type: SEQUENCE; Schema: public; Owner: mantero
--

ALTER TABLE public.provinces ALTER COLUMN id ADD GENERATED BY DEFAULT AS IDENTITY (
    SEQUENCE NAME public.provinces_id_seq
    START WITH 1
    INCREMENT BY 1
    NO MINVALUE
    NO MAXVALUE
    CACHE 1
);


--
-- Name: schema_migrations; Type: TABLE; Schema: public; Owner: mantero
--

CREATE TABLE public.schema_migrations (
    version text NOT NULL
);


ALTER TABLE public.schema_migrations OWNER TO mantero;

--
-- Name: users; Type: TABLE; Schema: public; Owner: mantero
--

CREATE TABLE public.users (
    id bigint NOT NULL,
    email text DEFAULT ''::text NOT NULL,
    encrypted_password text DEFAULT ''::text NOT NULL,
    reset_password_token text,
    reset_password_sent_at timestamp without time zone,
    remember_created_at timestamp without time zone,
    created_at text NOT NULL,
    updated_at text NOT NULL,
    first_name text,
    last_name text,
    postal_code text,
    address text,
    city text,
    province_id bigint
);


ALTER TABLE public.users OWNER TO mantero;

--
-- Name: users_id_seq; Type: SEQUENCE; Schema: public; Owner: mantero
--

ALTER TABLE public.users ALTER COLUMN id ADD GENERATED BY DEFAULT AS IDENTITY (
    SEQUENCE NAME public.users_id_seq
    START WITH 1
    INCREMENT BY 1
    NO MINVALUE
    NO MAXVALUE
    CACHE 1
);


--
-- Data for Name: active_admin_comments; Type: TABLE DATA; Schema: public; Owner: mantero
--

COPY public.active_admin_comments (id, namespace, body, resource_type, resource_id, author_type, author_id, created_at, updated_at) FROM stdin;
\.


--
-- Data for Name: active_storage_attachments; Type: TABLE DATA; Schema: public; Owner: mantero
--

COPY public.active_storage_attachments (id, name, record_type, record_id, blob_id, created_at) FROM stdin;
3	image	Product	2	3	2021-04-09 01:47:01.589974
4	image	ActiveStorage::VariantRecord	2	4	2021-04-09 01:49:39.520695
5	image	Product	3	5	2021-04-09 19:15:57.00674
6	image	Product	4	6	2021-04-09 19:17:56.203511
7	image	Product	5	7	2021-04-09 19:20:24.659903
8	image	Product	6	8	2021-04-09 19:21:12.300965
9	image	Product	7	9	2021-04-09 19:22:23.001848
10	image	Product	8	10	2021-04-09 19:23:16.972436
11	image	Product	9	11	2021-04-09 19:23:54.085832
13	image	ActiveStorage::VariantRecord	3	13	2021-04-09 19:24:32.50688
14	image	ActiveStorage::VariantRecord	4	14	2021-04-09 19:24:32.578082
15	image	ActiveStorage::VariantRecord	5	15	2021-04-09 19:24:32.687874
16	image	ActiveStorage::VariantRecord	6	16	2021-04-09 19:24:32.765457
17	image	ActiveStorage::VariantRecord	7	17	2021-04-09 19:24:32.845838
18	image	ActiveStorage::VariantRecord	8	18	2021-04-09 19:24:32.935597
19	image	ActiveStorage::VariantRecord	9	19	2021-04-09 19:24:33.018725
22	image	ActiveStorage::VariantRecord	12	22	2021-04-18 23:53:34.934219
23	image	ActiveStorage::VariantRecord	13	23	2021-04-18 23:53:35.010519
24	image	ActiveStorage::VariantRecord	14	24	2021-04-18 23:53:35.131866
25	image	ActiveStorage::VariantRecord	15	25	2021-04-18 23:53:35.21521
26	image	ActiveStorage::VariantRecord	16	26	2021-04-18 23:53:35.294971
27	image	ActiveStorage::VariantRecord	17	27	2021-04-18 23:53:35.381305
28	image	ActiveStorage::VariantRecord	18	28	2021-04-18 23:53:35.498781
29	image	ActiveStorage::VariantRecord	19	29	2021-04-18 23:53:35.596046
32	image	ActiveStorage::VariantRecord	22	32	2021-04-18 23:53:42.417621
33	image	ActiveStorage::VariantRecord	23	33	2021-04-18 23:53:42.492679
34	image	ActiveStorage::VariantRecord	24	34	2021-04-18 23:53:42.572328
35	image	ActiveStorage::VariantRecord	25	35	2021-04-18 23:53:42.653628
36	image	ActiveStorage::VariantRecord	26	36	2021-04-18 23:53:42.731848
37	image	ActiveStorage::VariantRecord	27	37	2021-04-18 23:53:42.830802
38	image	ActiveStorage::VariantRecord	28	38	2021-04-18 23:53:42.919004
39	image	ActiveStorage::VariantRecord	29	39	2021-04-18 23:53:43.009109
46	image	Product	1	46	2021-04-20 19:53:27.589886
47	image	ActiveStorage::VariantRecord	32	47	2021-04-20 19:54:04.116811
48	image	Product	10	48	2021-05-01 21:20:29.984798
49	image	ActiveStorage::VariantRecord	33	49	2021-05-01 21:22:30.003633
50	image	ActiveStorage::VariantRecord	34	50	2021-05-01 22:16:07.874776
\.


--
-- Data for Name: active_storage_blobs; Type: TABLE DATA; Schema: public; Owner: mantero
--

COPY public.active_storage_blobs (id, key, filename, content_type, metadata, service_name, byte_size, checksum, created_at) FROM stdin;
2	ija4vd4gj4hksy2ciguhzoz0e7z9	mini2.jpeg	image/jpeg	{"identified":true,"width":200,"height":200,"analyzed":true}	local	4308	qD+8VlpD/6GLsAwXCyjmDg==	2021-04-08 19:08:36.080159
3	rgzk7tvzgqpos0uzsgonbx5jwycw	mavicair2.jpeg	image/jpeg	{"identified":true,"width":1280,"height":1280,"analyzed":true}	local	64034	wsgy6JMgA+YZrOv6+Rov4w==	2021-04-09 01:47:01.587207
4	3dynoh8w9y25ywadeh8gjjv7xc93	mavicair2.jpeg	image/jpeg	{"identified":true,"width":200,"height":200,"analyzed":true}	local	3724	QpOasDNy/y/j6kO/AX9Jsg==	2021-04-09 01:49:39.518282
5	vg1kmn5a6ygtouq3w79iig5m76ra	mavicmini.jpeg	image/jpeg	{"identified":true,"width":1200,"height":800,"analyzed":true}	local	21300	d+zpenE4kvJz4wUNrk7pYg==	2021-04-09 19:15:57.003883
6	nnz35xocyrzq2a03ftaf0v915y8t	mavic2pro.jpeg	image/jpeg	{"identified":true,"width":1200,"height":800,"analyzed":true}	local	85755	5DI17SKoKc3ELK82OsoS9w==	2021-04-09 19:17:56.201367
7	e8m5zyekvwrrn21gdblb16jfg3bv	tello.jpeg	image/jpeg	{"identified":true,"width":1200,"height":800,"analyzed":true}	local	119972	RX+RBNPJk6cdO3ZHg1THfQ==	2021-04-09 19:20:24.657913
8	pn6sijd8pknz32l9q1jdsvzyv2g0	telloedu.jpeg	image/jpeg	{"identified":true,"width":1200,"height":800,"analyzed":true}	local	70429	OOUATOuJs8Xar5lRmgs4Lw==	2021-04-09 19:21:12.298598
9	j6uewf79qfrl2iwic6ezt16ht2s1	d1c0ba028728534c0b17a28d01488e36@large.jpeg	image/jpeg	{"identified":true,"width":1200,"height":800,"analyzed":true}	local	32770	/xfDs7X8yzc1vMNQyKZQYQ==	2021-04-09 19:22:22.999869
10	jt9pyxf3rzakz3hh9kprairtwff9	b4feb2ab66e9fda5a3fedecbc750fc12@large.jpeg	image/jpeg	{"identified":true,"width":1200,"height":800,"analyzed":true}	local	28453	+mG3gyYoIljCAH172D+61w==	2021-04-09 19:23:16.970414
11	az25g4kfhw7us7y7gebom37lu276	1d71532703e8b871975a5858cfbb6283@large.jpeg	image/jpeg	{"identified":true,"width":1200,"height":800,"analyzed":true}	local	32650	Mz6KDEKAjpuEF1Zw+VKh9w==	2021-04-09 19:23:54.083747
13	wfvw5uvdkutzjhwo6g07jxbh018f	mavicmini.jpeg	image/jpeg	{"identified":true,"width":200,"height":133,"analyzed":true}	local	2185	mWmJehnbYdW5RUprkoavlg==	2021-04-09 19:24:32.504285
14	4dg0f3xx00ya9k5541c0g54zymnt	mavic2pro.jpeg	image/jpeg	{"identified":true,"width":200,"height":133,"analyzed":true}	local	22263	78hYNHV9wzroXGU0eNb2Dg==	2021-04-09 19:24:32.575829
15	jujiun0qp0vi2yzttuns2an7h08k	tello.jpeg	image/jpeg	{"identified":true,"width":200,"height":133,"analyzed":true}	local	30362	f+HGS0UHv6asNxFeV24MRg==	2021-04-09 19:24:32.684614
16	h9kb455dyr6b4z4bjovihd53c6l7	telloedu.jpeg	image/jpeg	{"identified":true,"width":200,"height":133,"analyzed":true}	local	18368	onzb0PaXwHCX/ZdvxIg2Gw==	2021-04-09 19:24:32.76229
17	dsx65fw2q203b76dtjmat3ot9uso	d1c0ba028728534c0b17a28d01488e36@large.jpeg	image/jpeg	{"identified":true,"width":200,"height":133,"analyzed":true}	local	2803	jxrGFJb0gi2sAwaMvABenQ==	2021-04-09 19:24:32.84332
18	b7vbbp9hvtyyx6fhyfpgfga3xe21	b4feb2ab66e9fda5a3fedecbc750fc12@large.jpeg	image/jpeg	{"identified":true,"width":200,"height":133,"analyzed":true}	local	2110	wKOtoUsv9g7k+eqqCZzIGA==	2021-04-09 19:24:32.932948
19	24ltz7ezeayxhvq4x8kr8umqkqcr	1d71532703e8b871975a5858cfbb6283@large.jpeg	image/jpeg	{"identified":true,"width":200,"height":133,"analyzed":true}	local	3098	noBB+dvqQdDmo5g6bfaG5g==	2021-04-09 19:24:33.015967
20	hyabtmwauk0ss8g7yuo8d231xel8	a3dca1ae5e7e696b2394b93b4baf9983@large.jpeg	image/jpeg	{"identified":true,"width":200,"height":133,"analyzed":true}	local	2137	SFMS8YorxXbkdrrx4V18LA==	2021-04-09 19:24:33.100776
22	b0ncre990x9q6i6r8xkhj9028y96	mavicair2.jpeg	image/jpeg	{"identified":true,"width":400,"height":400,"analyzed":true}	local	10520	T1IdHji84jkH+vxZpqwGZA==	2021-04-18 23:53:34.931942
23	fegbliyl0rg96h6uoguxg9521s4h	mavicmini.jpeg	image/jpeg	{"identified":true,"width":400,"height":267,"analyzed":true}	local	5771	99sHjpt9pXUP5RBV7XZe3g==	2021-04-18 23:53:35.008255
24	2t98wstjg30sryslalg4sy8mwk00	mavic2pro.jpeg	image/jpeg	{"identified":true,"width":400,"height":267,"analyzed":true}	local	29381	AJc3l3CIvfozLxj6oHxs3Q==	2021-04-18 23:53:35.128378
25	29sqww2845uj9hd653cmugq6bpue	tello.jpeg	image/jpeg	{"identified":true,"width":400,"height":267,"analyzed":true}	local	42422	gxH1RJgXa6QzWOZaXeCPEw==	2021-04-18 23:53:35.212833
26	7pq4nit5wze4ofthzzrl799e7xk5	telloedu.jpeg	image/jpeg	{"identified":true,"width":400,"height":267,"analyzed":true}	local	25069	1SQiuyZAWU/bCjF9hWnnhQ==	2021-04-18 23:53:35.292689
27	0cmd2z8r7e0j0u9oueynm8c3zrob	d1c0ba028728534c0b17a28d01488e36@large.jpeg	image/jpeg	{"identified":true,"width":400,"height":267,"analyzed":true}	local	7308	mxfcQOs3CCPKtqJuH4xC1g==	2021-04-18 23:53:35.378858
28	6mgj1e1xmjnl6yuitr6yoeta738g	b4feb2ab66e9fda5a3fedecbc750fc12@large.jpeg	image/jpeg	{"identified":true,"width":400,"height":267,"analyzed":true}	local	5687	sl1WGxRORO93wumQ+ynFtQ==	2021-04-18 23:53:35.495874
29	839qjzltph9b2rrrr7e7qwlibp4r	1d71532703e8b871975a5858cfbb6283@large.jpeg	image/jpeg	{"identified":true,"width":400,"height":267,"analyzed":true}	local	7918	woFDzm4yon6i+pc1FtfZtA==	2021-04-18 23:53:35.593522
32	a7amh6usly1rhahmwydmp9rq5ed7	mavicair2.jpeg	image/jpeg	{"identified":true,"width":300,"height":300,"analyzed":true}	local	6928	3ak4CSbGYqWax47RSPpmMw==	2021-04-18 23:53:42.376257
33	rb43e6modum2xowg36b3ddjklogd	mavicmini.jpeg	image/jpeg	{"identified":true,"width":300,"height":200,"analyzed":true}	local	3813	ThC/iAytve+0Dpu3YZHG6Q==	2021-04-18 23:53:42.489977
34	w23rblrh64hn45bgouk3liayyblj	mavic2pro.jpeg	image/jpeg	{"identified":true,"width":300,"height":200,"analyzed":true}	local	25405	d+HTgZavUYF7iYiIFBk+Uw==	2021-04-18 23:53:42.569515
35	859at1137w4r8yr1q60tkh6lt4op	tello.jpeg	image/jpeg	{"identified":true,"width":300,"height":200,"analyzed":true}	local	35904	XcfNpgN5LfObF8cLYsNSTw==	2021-04-18 23:53:42.650959
36	dymeprw0enaj56np8f7h8vkmacza	telloedu.jpeg	image/jpeg	{"identified":true,"width":300,"height":200,"analyzed":true}	local	21285	vtC2jypFm2cyXxpdQP3uVw==	2021-04-18 23:53:42.729303
37	ijq4lisjdme16jo0x5gj5ojmvuoc	d1c0ba028728534c0b17a28d01488e36@large.jpeg	image/jpeg	{"identified":true,"width":300,"height":200,"analyzed":true}	local	4860	fxymrgtfR0vuLX/kOCWrhw==	2021-04-18 23:53:42.827425
38	an1nbcewiql1pch3eyye67cc0zb4	b4feb2ab66e9fda5a3fedecbc750fc12@large.jpeg	image/jpeg	{"identified":true,"width":300,"height":200,"analyzed":true}	local	3749	uY+7ZVtXgV4XuuJFEIyqkg==	2021-04-18 23:53:42.91632
39	ylh26h92o8js49djmpidnzdb8ah5	1d71532703e8b871975a5858cfbb6283@large.jpeg	image/jpeg	{"identified":true,"width":300,"height":200,"analyzed":true}	local	5185	R3eGnOGJ2Vjp5e9SEQd37A==	2021-04-18 23:53:43.006106
40	mzod6r9zh2b0u2b1k1sd0d3h9tb8	a3dca1ae5e7e696b2394b93b4baf9983@large.jpeg	image/jpeg	{"identified":true,"width":300,"height":200,"analyzed":true}	local	3741	+h+XLxkfpfCS3gAfwXUjHw==	2021-04-18 23:53:43.097723
46	5hhvemw9hb4jzfkz9tmfll6b1gvr	mini2.jpeg	image/jpeg	{"identified":true,"width":1280,"height":1280,"analyzed":true}	local	40349	Ec0tC8MpESznGf7c1yWDqA==	2021-04-20 19:53:27.587617
47	6bmvvm4nead4kbq3v1r76wmclxfc	mini2.jpeg	image/jpeg	{"identified":true,"width":300,"height":300,"analyzed":true}	local	4996	RbgXIWBEPdRH6bf7vvB+HA==	2021-04-20 19:54:04.113834
48	3axqnmndpuvhn42v1nx54fmmndfg	3bich.jpg	image/jpeg	{"identified":true,"width":585,"height":615,"analyzed":true}	amazon	39709	3h1l+SvzhVo/UmbkiD17zg==	2021-05-01 21:20:29.982447
49	v23spm5kijtmidojl02827l3id0v	3bich.jpg	image/jpeg	{"identified":true,"width":285,"height":300,"analyzed":true}	amazon	39381	pjyGVi8bigu5D89CPJDG8Q==	2021-05-01 21:22:30.001287
50	fqmk26ax185rx56pq9juulaw6abk	mini2.jpeg	image/jpeg	{"identified":true,"width":200,"height":200,"analyzed":true}	local	2863	EDnhEmZdhBLMPcE2HkDoGw==	2021-05-01 22:16:07.857102
\.


--
-- Data for Name: active_storage_variant_records; Type: TABLE DATA; Schema: public; Owner: mantero
--

COPY public.active_storage_variant_records (id, blob_id, variation_digest) FROM stdin;
2	3	vrA3GLlzlwMjSEe6cE8VrJKWxds=
3	5	vrA3GLlzlwMjSEe6cE8VrJKWxds=
4	6	vrA3GLlzlwMjSEe6cE8VrJKWxds=
5	7	vrA3GLlzlwMjSEe6cE8VrJKWxds=
6	8	vrA3GLlzlwMjSEe6cE8VrJKWxds=
7	9	vrA3GLlzlwMjSEe6cE8VrJKWxds=
8	10	vrA3GLlzlwMjSEe6cE8VrJKWxds=
9	11	vrA3GLlzlwMjSEe6cE8VrJKWxds=
12	3	cP5ZqrgQLnGaIFP7q7zNIfoWE9w=
13	5	cP5ZqrgQLnGaIFP7q7zNIfoWE9w=
14	6	cP5ZqrgQLnGaIFP7q7zNIfoWE9w=
15	7	cP5ZqrgQLnGaIFP7q7zNIfoWE9w=
16	8	cP5ZqrgQLnGaIFP7q7zNIfoWE9w=
17	9	cP5ZqrgQLnGaIFP7q7zNIfoWE9w=
18	10	cP5ZqrgQLnGaIFP7q7zNIfoWE9w=
19	11	cP5ZqrgQLnGaIFP7q7zNIfoWE9w=
22	3	MUVfVmXwyOrg6iHMvyWWcrJC8oE=
23	5	MUVfVmXwyOrg6iHMvyWWcrJC8oE=
24	6	MUVfVmXwyOrg6iHMvyWWcrJC8oE=
25	7	MUVfVmXwyOrg6iHMvyWWcrJC8oE=
26	8	MUVfVmXwyOrg6iHMvyWWcrJC8oE=
27	9	MUVfVmXwyOrg6iHMvyWWcrJC8oE=
28	10	MUVfVmXwyOrg6iHMvyWWcrJC8oE=
29	11	MUVfVmXwyOrg6iHMvyWWcrJC8oE=
32	46	MUVfVmXwyOrg6iHMvyWWcrJC8oE=
33	48	LtoSAYL4ZrQTjS8XJDwiSZvW12s=
34	46	vrA3GLlzlwMjSEe6cE8VrJKWxds=
\.


--
-- Data for Name: admin_users; Type: TABLE DATA; Schema: public; Owner: mantero
--

COPY public.admin_users (id, email, encrypted_password, reset_password_token, reset_password_sent_at, remember_created_at, created_at, updated_at) FROM stdin;
1	admin@example.com	$2a$12$jdSvwjY3wVVJ.28W9b.Qyu28Hffm1x/clqWHJ2uDZ1I0ClTOuwSWe	\N	\N	\N	2021-04-08 01:58:34.061136-0500	2021-04-08 03:07:01.113895-0500
\.


--
-- Data for Name: ar_internal_metadata; Type: TABLE DATA; Schema: public; Owner: mantero
--

COPY public.ar_internal_metadata (key, value, created_at, updated_at) FROM stdin;
environment	development	2021-04-07 20:43:38.779645-0500	2021-04-07 20:43:38.779645-0500
\.


--
-- Data for Name: categories; Type: TABLE DATA; Schema: public; Owner: mantero
--

COPY public.categories (id, name, description, created_at, updated_at) FROM stdin;
1	Mavic	Mavic Series	2021-04-08 03:02:28.423919-0500	2021-04-09 19:13:32.333259-0500
2	Tello	Tello Brand	2021-04-09 19:18:46.317102-0500	2021-04-09 19:18:46.317102-0500
3	Enterprise	Enterprise drone	2021-04-09 19:21:37.209595-0500	2021-04-09 19:21:37.209595-0500
\.


--
-- Data for Name: order_details; Type: TABLE DATA; Schema: public; Owner: mantero
--

COPY public.order_details (id, price, quantity, product_id, order_id, created_at, updated_at, tax_rate) FROM stdin;
5	419.0	3.0	1	3	2021-04-09 05:17:42.689557-0500	2021-04-09 05:17:42.689557-0500	0.13
6	799.0	2.0	2	3	2021-04-09 05:17:42.695585-0500	2021-04-09 05:17:42.695585-0500	0.13
7	419.0	3.0	1	4	2021-04-09 14:54:57.249711-0500	2021-04-09 14:54:57.249711-0500	0.13
8	799.0	2.0	2	4	2021-04-09 14:54:57.256316-0500	2021-04-09 14:54:57.256316-0500	0.13
10	799.0	3.0	2	5	2021-04-09 15:12:05.315829-0500	2021-04-18 23:03:37.393006-0500	0.13
11	419.0	1.0	1	6	2021-04-09 15:20:42.684315-0500	2021-04-09 15:20:42.684315-0500	0.13
12	799.0	1.0	2	6	2021-04-09 15:20:42.690596-0500	2021-04-09 15:20:42.690596-0500	0.13
13	419.0	1.0	1	7	2021-04-09 15:23:05.995829-0500	2021-04-09 15:23:05.995829-0500	0.13
14	799.0	1.0	2	7	2021-04-09 15:23:06.002197-0500	2021-04-09 15:23:06.002197-0500	0.13
15	419.0	2.0	1	8	2021-04-09 15:45:50.318182-0500	2021-04-09 15:45:50.318182-0500	0.13
16	799.0	1.0	2	8	2021-04-09 15:45:50.325174-0500	2021-04-09 15:45:50.325174-0500	0.13
17	419.0	4.0	1	9	2021-04-09 16:05:12.779336-0500	2021-04-09 16:05:12.779336-0500	0.13
18	419.0	1.0	1	10	2021-04-09 16:57:58.481648-0500	2021-04-09 16:57:58.481648-0500	0.13
19	799.0	1.0	2	11	2021-04-09 17:02:49.239530-0500	2021-04-09 17:02:49.239530-0500	0.12
20	419.0	1.0	1	12	2021-04-09 17:45:43.238939-0500	2021-04-09 17:45:43.238939-0500	0.12
21	419.0	1.0	1	13	2021-04-09 18:16:18.055409-0500	2021-04-09 18:16:18.055409-0500	0.12
22	799.0	1.0	2	13	2021-04-09 18:16:18.071399-0500	2021-04-09 18:16:18.071399-0500	0.12
23	419.0	2.0	1	14	2021-04-09 18:23:16.667005-0500	2021-04-09 18:23:16.667005-0500	0.12
24	799.0	1.0	2	14	2021-04-09 18:23:16.672904-0500	2021-04-09 18:23:16.672904-0500	0.12
25	419.0	2.0	1	15	2021-04-09 18:23:55.754760-0500	2021-04-09 18:23:55.754760-0500	0.12
26	799.0	1.0	2	15	2021-04-09 18:23:55.760753-0500	2021-04-09 18:23:55.760753-0500	0.12
27	419.0	2.0	1	16	2021-04-09 18:24:07.786422-0500	2021-04-09 18:24:07.786422-0500	0.12
28	799.0	1.0	2	16	2021-04-09 18:24:07.792481-0500	2021-04-09 18:24:07.792481-0500	0.12
29	419.0	2.0	1	17	2021-04-09 18:25:15.562716-0500	2021-04-09 18:25:15.562716-0500	0.12
30	799.0	1.0	2	17	2021-04-09 18:25:15.569891-0500	2021-04-09 18:25:15.569891-0500	0.12
31	419.0	2.0	1	18	2021-04-09 18:25:37.735840-0500	2021-04-09 18:25:37.735840-0500	0.12
32	799.0	1.0	2	18	2021-04-09 18:25:37.742771-0500	2021-04-09 18:25:37.742771-0500	0.12
33	419.0	2.0	1	19	2021-04-09 18:26:31.230682-0500	2021-04-09 18:26:31.230682-0500	0.12
34	799.0	1.0	2	19	2021-04-09 18:26:31.236089-0500	2021-04-09 18:26:31.236089-0500	0.12
35	419.0	2.0	1	20	2021-04-09 18:28:05.818576-0500	2021-04-09 18:28:05.818576-0500	0.12
36	799.0	1.0	2	20	2021-04-09 18:28:05.829051-0500	2021-04-09 18:28:05.829051-0500	0.12
37	419.0	2.0	1	21	2021-04-09 18:34:45.561678-0500	2021-04-09 18:34:45.561678-0500	0.12
38	419.0	2.0	1	22	2021-04-09 18:35:24.237455-0500	2021-04-09 18:35:24.237455-0500	0.12
39	419.0	2.0	1	23	2021-04-09 18:35:48.198039-0500	2021-04-09 18:35:48.198039-0500	0.12
40	419.0	2.0	1	24	2021-04-09 18:38:20.416868-0500	2021-04-09 18:38:20.416868-0500	0.12
41	419.0	1.0	1	25	2021-04-09 18:39:00.799145-0500	2021-04-09 18:39:00.799145-0500	0.12
42	799.0	15.0	2	26	2021-04-09 19:11:53.060420-0500	2021-04-09 19:11:53.060420-0500	0.12
43	12000.0	1.0	7	27	2021-04-09 19:24:58.052039-0500	2021-04-09 19:24:58.052039-0500	0.12
44	419.0	1.0	1	27	2021-04-09 19:24:58.058493-0500	2021-04-09 19:24:58.058493-0500	0.12
45	799.0	1.0	2	28	2021-04-09 20:02:43.691470-0500	2021-04-09 20:02:43.691470-0500	0.12
46	349.0	5.0	3	28	2021-04-09 20:02:43.697419-0500	2021-04-09 20:02:43.697419-0500	0.12
47	419.0	1.0	1	29	2021-04-09 20:08:21.207962-0500	2021-04-09 20:08:21.207962-0500	0.13
48	419.0	1.0	1	30	2021-04-18 17:34:39.367812-0500	2021-04-18 17:34:39.367812-0500	0.13
49	799.0	1.0	2	30	2021-04-18 17:34:39.373956-0500	2021-04-18 17:34:39.373956-0500	0.13
51	799.0	3.0	2	31	2021-04-20 19:00:58.502142-0500	2021-04-20 20:16:27.054227-0500	0.13
\.


--
-- Data for Name: order_statuses; Type: TABLE DATA; Schema: public; Owner: mantero
--

COPY public.order_statuses (id, name, created_at, updated_at) FROM stdin;
1	New	2021-04-18 17:12:09.873615-0500	2021-04-18 17:12:09.873615-0500
2	Unpaid	2021-04-18 17:12:57.058111-0500	2021-04-18 17:12:57.058111-0500
3	Paid	2021-04-18 17:13:06.672098-0500	2021-04-18 17:13:06.672098-0500
4	Shipped	2021-04-18 17:13:20.130026-0500	2021-04-18 17:13:20.130026-0500
\.


--
-- Data for Name: orders; Type: TABLE DATA; Schema: public; Owner: mantero
--

COPY public.orders (id, order_date, total_tax, grand_total, user_id, created_at, updated_at, payment_id, order_status_id) FROM stdin;
3	2021-04-09	371.15	3226.15	5	2021-04-09 05:17:42.676162-0500	2021-04-18 17:30:01.456172-0500	\N	4
4	2021-04-09	371.15	3226.15	5	2021-04-09 14:54:57.235406-0500	2021-04-18 17:29:32.169034-0500	\N	1
5	2021-04-09	158.34	1376.34	5	2021-04-09 15:12:05.288388-0500	2021-04-18 17:29:32.170779-0500	\N	1
6	2021-04-09	158.34	1376.34	5	2021-04-09 15:20:42.671237-0500	2021-04-18 17:29:32.172243-0500	pi_1IeM8UISaLpc4ha1bC2EYrLp	3
7	2021-04-09	15834.0	137634.0	5	2021-04-09 15:23:05.982448-0500	2021-04-18 17:29:32.173834-0500	pi_1IeMAnISaLpc4ha1W2QoSjjy	3
8	2021-04-09	21281.0	184981.0	5	2021-04-09 15:45:50.300080-0500	2021-04-18 17:29:32.175456-0500	pi_1IeMWoISaLpc4ha1IuCjIZW4	3
9	2021-04-09	21788.0	189388.0	5	2021-04-09 16:05:12.767209-0500	2021-04-18 17:29:32.177562-0500	pi_1IeMpYISaLpc4ha1UYF2h6kC	3
10	2021-04-09	5447.0	47347.0	5	2021-04-09 16:57:58.472245-0500	2021-04-18 17:29:32.179287-0500	pi_1IeNecISaLpc4ha1HW2f99Nb	3
11	2021-04-09	9588.0	89488.0	5	2021-04-09 17:02:49.229946-0500	2021-04-18 17:29:32.180638-0500	pi_1IeNjIISaLpc4ha1u73Ki5fZ	3
12	2021-04-09	50.28	469.28	5	2021-04-09 17:45:43.231000-0500	2021-04-18 17:29:32.182280-0500	pi_1IeOOoISaLpc4ha1pKlxTyd1	3
13	2021-04-09	146.16	1364.16	5	2021-04-09 18:16:18.042285-0500	2021-04-18 17:29:32.183767-0500	pi_1IeOsPISaLpc4ha1y9Nt7hhk	3
14	2021-04-09	196.44	1833.44	5	2021-04-09 18:23:16.652649-0500	2021-04-18 17:29:32.185191-0500	pi_1IeOzAISaLpc4ha1Ap9vn4SF	3
15	2021-04-09	196.44	1833.44	5	2021-04-09 18:23:55.746896-0500	2021-04-18 17:29:32.196286-0500	pi_1IeOznISaLpc4ha1xdd5e5kL	3
16	2021-04-09	196.44	1833.44	5	2021-04-09 18:24:07.776973-0500	2021-04-18 17:29:32.198122-0500	pi_1IeOzzISaLpc4ha13CNfIF5a	3
17	2021-04-09	196.44	1833.44	5	2021-04-09 18:25:15.533127-0500	2021-04-18 17:29:32.199447-0500	pi_1IeP15ISaLpc4ha1LISRaNR6	3
18	2021-04-09	196.44	1833.44	5	2021-04-09 18:25:37.725785-0500	2021-04-18 17:29:32.200889-0500	pi_1IeP1RISaLpc4ha1Njlf8Lby	3
19	2021-04-09	196.44	1833.44	5	2021-04-09 18:26:31.216429-0500	2021-04-18 17:29:32.202237-0500	pi_1IeP2IISaLpc4ha1GnjMc4Yf	3
20	2021-04-09	196.44	1833.44	5	2021-04-09 18:28:05.805146-0500	2021-04-18 17:29:32.203884-0500	pi_1IeP3pISaLpc4ha1MlQDQKKU	3
21	2021-04-09	100.56	938.56	5	2021-04-09 18:34:45.546483-0500	2021-04-18 17:29:32.205953-0500	pi_1IePAHISaLpc4ha1lbvbIUgG	3
22	2021-04-09	100.56	938.56	5	2021-04-09 18:35:24.228500-0500	2021-04-18 17:29:32.207868-0500	pi_1IePAtISaLpc4ha1IbzWkh6J	3
23	2021-04-09	100.56	938.56	5	2021-04-09 18:35:48.154619-0500	2021-04-18 17:29:32.209578-0500	pi_1IePBHISaLpc4ha1YM1MeNrb	3
24	2021-04-09	100.56	938.56	5	2021-04-09 18:38:20.407238-0500	2021-04-18 17:29:32.211297-0500	pi_1IePDkISaLpc4ha1tBzxwChy	3
25	2021-04-09	50.28	469.28	5	2021-04-09 18:39:00.784011-0500	2021-04-18 17:29:32.212768-0500	pi_1IePEOISaLpc4ha12GSy31Hu	3
26	2021-04-09	1438.2	13423.2	5	2021-04-09 19:11:53.045911-0500	2021-04-18 17:29:32.214455-0500	pi_1IePkCISaLpc4ha1MRg1tOqD	3
27	2021-04-09	1490.28	13909.28	5	2021-04-09 19:24:58.042684-0500	2021-04-18 17:29:32.216138-0500	pi_1IePwrISaLpc4ha11hEqfB2S	3
28	2021-04-09	305.28	2849.28	5	2021-04-09 20:02:43.649782-0500	2021-04-18 17:29:32.217745-0500	pi_1IeQXPISaLpc4ha10DeGIhLd	3
29	2021-04-09	54.47	473.47	5	2021-04-09 20:08:21.185015-0500	2021-04-18 17:25:06.272764-0500	pi_1IeQcqISaLpc4ha1YX6MTANt	3
30	2021-04-18	158.34	1376.34	5	2021-04-18 17:34:39.334570-0500	2021-04-18 17:40:05.474266-0500	pi_1IheW3ISaLpc4ha14tyFjXpO	4
31	2021-04-20	425.62	3699.62	5	2021-04-20 19:00:58.478539-0500	2021-04-20 19:00:58.478539-0500	pi_1IiOogISaLpc4ha1l3utOZOf	1
\.


--
-- Data for Name: products; Type: TABLE DATA; Schema: public; Owner: mantero
--

COPY public.products (id, name, price, description, battery_life, category_id, created_at, updated_at) FROM stdin;
1	DJI Mini 2	419.0	＜249g\r\n4K/30fps Video\r\n10km 720p Video Transmission\r\nLevel 5 Wind Resistance\r\n4x Digital Zoom\r\nQuickTransfer	31.0	1	2021-04-08 03:00:34.626172-0500	2021-04-20 19:53:27.591436-0500
2	DJI Mavic Air 2	799.0	48MP Photo | 4K/60fps Video\r\n34-Min Max Flight Time\r\n10km Video Transmission\r\nAPAS 3.0 Obstacle Avoidance\r\nFocusTrack	34.0	1	2021-04-09 01:47:01.577757-0500	2021-04-09 01:47:01.591877-0500
3	DJI Mavic Mini	349.0	The compact yet powerful Mavic Mini is the perfect creative companion, capturing your moments in a way that effortlessly elevates the ordinary. Together with the easy-to-use DJI Fly app, you’ll enjoy a simplified flying experience and a perspective unlike any other.\r\n\r\n249 g\r\n\r\n4 km HD Video Transmission\r\n\r\nVision Sensor + GPS Precise Hover\r\n\r\n3-Axis Gimbal 2.7K Camera\r\n\r\nSimplified Recording & Editing	30.0	1	2021-04-09 19:15:16.813008-0500	2021-04-09 19:16:26.742491-0500
4	DJI Mavic 2 Pro	1499.0	Our dream has always been to make a drone that exists where engineering, technology, and the needs of the aerial photographer converge. A drone that embodies all of DJI's advanced, signature technologies, and is able to redefine what is possible for the world of aerial photography.\r\nIn creating the Mavic 2, we have made this dream come true. \r\nHasselblad Camera\r\n\r\nMavic 2 Zoom\r\n2x Optical Zoom Camera\r\n\r\n10 km 1080p\r\nVideo Transmission 1\r\n\r\n31-min Max. Flight Time 2\r\n\r\nOmnidirectional Obstacle Sensing 3\r\n\r\nHyperlapse	31.0	1	2021-04-09 19:17:56.141628-0500	2021-04-09 19:17:56.205093-0500
5	Tello	99.0	We set out to build the most fun drone ever, and we came up with Tello: an impressive little drone for kids and adults that’s a blast to fly and helps users learn about drones with coding education. Get yourself a Tello to find out just how awesome flying can be!\r\n\r\nVR Headset Compatibility\r\nFly with a breathtaking first-person view.\r\n\r\nDJI Flight\r\nTech\r\nIndustry-leading components to ensure stable flights.\r\n\r\n\r\nTello App\r\nGetting started is extra easy with the Tello app’s friendly UI.\r\n\r\nController Compatibility\r\nPrecise control for unforgettable experiences.	20.0	2	2021-04-09 19:20:24.601417-0500	2021-04-09 19:20:24.661491-0500
6	Tello EDU	129.0	Tello EDU is an impressive and programmable drone perfect for education. You can easily learn programming languages such as Scratch, Python, and Swift. With an upgraded SDK 2.0, Tello EDU comes with more advanced commands and increased data interfaces. Complete with DJI’s flight control technology, Tello EDU also supports Electronic Image Stabilization. Write code to command multiple Tello EDUs to fly in a swarm, and develop amazing AI functions. Programming has never been this fun with Tello EDU!	22.0	2	2021-04-09 19:21:12.267261-0500	2021-04-09 19:21:12.302789-0500
7	Matrice 300 RTK	12000.0	55 min Max Flight Time, 23 m/s Max Flight Speed\r\n15 km Transmission Range, 1080p Triple-channel Video\r\nSupports up to 3 payloads, 2.7 kg maximum payload capacity\r\nAutomate inspections with Live Mission Recording and AI Spot Check\r\nAdvanced algorithms enable PinPoint and Smart Track to obtain dynamic location information for subjects in view\r\n6 Directional Sensing and Positioning system enhances flight safety\r\nPassword-protected access to aircraft and data\r\nAirSense ADS-B Receiver warns of nearby airplanes and helicopters\r\nSecure data transmission with AES-256 encryption\r\nDJI Pilot with Local Data Mode protects drone data\r\nOperating Temperature: -20°C to 50°C\r\n	55.0	3	2021-04-09 19:22:22.965332-0500	2021-04-09 19:22:23.003795-0500
8	Mavic 2 Enterprise Advanced	7200.0	Max flight time: 31 min\r\n10 km HD Video Transmission\r\nThermal Camera: 640 × 512 px, 30 Hz Frame Rate, 16× Zoom\r\nVisual Camera: 48MP, 1/2" CMOS Sensor\r\n32× Digital Zoom\r\nCentimeter-level Positioning with RTK\r\nOmnidirectional Obstacle Sensing for enhanced flight safety\r\nPassword-protected access to aircraft and data\r\nDJI Pilot with Local Data Mode protects drone data\r\nAirSense ADS-B Receiver warns of nearby airplanes and helicopters\r\nSecure data transmission with AES-256 encryption\r\nSelf-heating Batteries\r\nOperating Temperature: -10° C to 40° C\r\n	31.0	3	2021-04-09 19:23:16.940520-0500	2021-04-09 19:23:16.974229-0500
9	Mavic 2 Enterprise (Zoom)	3400.0	Max flight time: 31 min\r\nMax transmission range: up to 10 km\r\n2x Optical, 3x Digital Zoom\r\n12 MP 1/2.3" CMOS Sensor\r\nGPS Timestamping\r\nModular accessories: spotlight, speaker, and beacon\r\nPassword-protected access to aircraft and data\r\nDJI Pilot with Local Data Mode protects drone data\r\nAirSense ADS-B Receiver warns of nearby airplanes and helicopters\r\nSecure data transmission with AES-256 encryption\r\nOmnidirectional Obstacle Sensing for enhanced flight safety\r\nSelf-heating batteries\r\n24 GB internal storage	31.0	3	2021-04-09 19:23:54.035285-0500	2021-04-09 19:23:54.087500-0500
10	Phantom 4 RTK	7150.0	Max flight time: 30 min\r\nMax transmission range: up to 4.34 miles (7 km)\r\n20 MP 1-inch CMOS Sensor\r\nBuilt-in RTK module, support PPK\r\nAccurate positioning data with TimeSync\r\nIntegrated flight planning with GS RTK app\r\nComplete mapping solution when used with DJI Terra	30.0	3	2021-04-09 19:24:26.427703-0500	2021-05-01 21:20:29.986216-0500
\.


--
-- Data for Name: provinces; Type: TABLE DATA; Schema: public; Owner: mantero
--

COPY public.provinces (id, name, hst, gst, pst, created_at, updated_at) FROM stdin;
1	Manitoba	0.0	0.05	0.07	2021-04-08 05:02:52.442957-0500	2021-04-08 05:02:52.442957-0500
2	Ontario	0.13	0.0	0.0	2021-04-08 05:03:31.031368-0500	2021-04-08 05:03:37.690657-0500
\.


--
-- Data for Name: schema_migrations; Type: TABLE DATA; Schema: public; Owner: mantero
--

COPY public.schema_migrations (version) FROM stdin;
20210407204333
20210408015157
20210408015202
20210408020136
20210408021308
20210408021506
20210408021744
20210408024434
20210408025003
20210408051427
20210408051636
20210409035642
20210409035751
20210409045658
20210409050002
20210418165509
20210418165653
20210418172539
\.


--
-- Data for Name: users; Type: TABLE DATA; Schema: public; Owner: mantero
--

COPY public.users (id, email, encrypted_password, reset_password_token, reset_password_sent_at, remember_created_at, created_at, updated_at, first_name, last_name, postal_code, address, city, province_id) FROM stdin;
2	a@a.com	$2a$12$ApaM8ycOmpOmq9X3pBceqe82AttdhqChjpRz5aEcAx6hSO354DZRW	\N	\N	\N	2021-04-07 21:05:02.144265-0500	2021-04-07 21:05:02.144265-0500	\N	\N	\N	\N	\N	\N
3	anh@test.com	$2a$12$mQ52Mc6NIHCfNNF7hA3U5OyNxLnxh0kQRPuWbSJ98hpJBZDRiunYS	\N	\N	\N	2021-04-08 02:56:55.653140-0500	2021-04-08 02:56:55.653140-0500	\N	\N	\N	\N	\N	\N
4	a@3.com	$2a$12$Yh2BH7UxKGrZjIoHpe8Eguofr2VXaVvXKqrBnDUldtDONfyvlp.xO	\N	\N	\N	2021-04-08 20:34:10.331123-0500	2021-04-08 20:34:44.267163-0500	Anh	Tran	70000	Ho Chi Minh City	Ho Chi Minh	\N
5	a@4.com	$2a$12$wMrEXTLM9oXUF29IpuXClO3AR50hzhfXJVlMb82OQD9Bcr/7OzbJC	\N	\N	2021-04-09 20:05:14.292128	2021-04-08 20:40:06.888988-0500	2021-04-09 20:08:12.095976-0500	Anh	Tran	RAX ABC	123 King Street	Winnipeg	2
\.


--
-- Name: active_admin_comments_id_seq; Type: SEQUENCE SET; Schema: public; Owner: mantero
--

SELECT pg_catalog.setval('public.active_admin_comments_id_seq', 1, false);


--
-- Name: active_storage_attachments_id_seq; Type: SEQUENCE SET; Schema: public; Owner: mantero
--

SELECT pg_catalog.setval('public.active_storage_attachments_id_seq', 50, true);


--
-- Name: active_storage_blobs_id_seq; Type: SEQUENCE SET; Schema: public; Owner: mantero
--

SELECT pg_catalog.setval('public.active_storage_blobs_id_seq', 50, true);


--
-- Name: active_storage_variant_records_id_seq; Type: SEQUENCE SET; Schema: public; Owner: mantero
--

SELECT pg_catalog.setval('public.active_storage_variant_records_id_seq', 34, true);


--
-- Name: admin_users_id_seq; Type: SEQUENCE SET; Schema: public; Owner: mantero
--

SELECT pg_catalog.setval('public.admin_users_id_seq', 2, false);


--
-- Name: categories_id_seq; Type: SEQUENCE SET; Schema: public; Owner: mantero
--

SELECT pg_catalog.setval('public.categories_id_seq', 4, false);


--
-- Name: order_details_id_seq; Type: SEQUENCE SET; Schema: public; Owner: mantero
--

SELECT pg_catalog.setval('public.order_details_id_seq', 52, false);


--
-- Name: order_statuses_id_seq; Type: SEQUENCE SET; Schema: public; Owner: mantero
--

SELECT pg_catalog.setval('public.order_statuses_id_seq', 5, false);


--
-- Name: orders_id_seq; Type: SEQUENCE SET; Schema: public; Owner: mantero
--

SELECT pg_catalog.setval('public.orders_id_seq', 32, false);


--
-- Name: products_id_seq; Type: SEQUENCE SET; Schema: public; Owner: mantero
--

SELECT pg_catalog.setval('public.products_id_seq', 11, false);


--
-- Name: provinces_id_seq; Type: SEQUENCE SET; Schema: public; Owner: mantero
--

SELECT pg_catalog.setval('public.provinces_id_seq', 3, false);


--
-- Name: users_id_seq; Type: SEQUENCE SET; Schema: public; Owner: mantero
--

SELECT pg_catalog.setval('public.users_id_seq', 6, false);


--
-- Name: active_admin_comments active_admin_comments_pkey; Type: CONSTRAINT; Schema: public; Owner: mantero
--

ALTER TABLE ONLY public.active_admin_comments
    ADD CONSTRAINT active_admin_comments_pkey PRIMARY KEY (id);


--
-- Name: active_storage_attachments active_storage_attachments_pkey; Type: CONSTRAINT; Schema: public; Owner: mantero
--

ALTER TABLE ONLY public.active_storage_attachments
    ADD CONSTRAINT active_storage_attachments_pkey PRIMARY KEY (id);


--
-- Name: active_storage_blobs active_storage_blobs_pkey; Type: CONSTRAINT; Schema: public; Owner: mantero
--

ALTER TABLE ONLY public.active_storage_blobs
    ADD CONSTRAINT active_storage_blobs_pkey PRIMARY KEY (id);


--
-- Name: active_storage_variant_records active_storage_variant_records_pkey; Type: CONSTRAINT; Schema: public; Owner: mantero
--

ALTER TABLE ONLY public.active_storage_variant_records
    ADD CONSTRAINT active_storage_variant_records_pkey PRIMARY KEY (id);


--
-- Name: admin_users admin_users_pkey; Type: CONSTRAINT; Schema: public; Owner: mantero
--

ALTER TABLE ONLY public.admin_users
    ADD CONSTRAINT admin_users_pkey PRIMARY KEY (id);


--
-- Name: ar_internal_metadata ar_internal_metadata_pkey; Type: CONSTRAINT; Schema: public; Owner: mantero
--

ALTER TABLE ONLY public.ar_internal_metadata
    ADD CONSTRAINT ar_internal_metadata_pkey PRIMARY KEY (key);


--
-- Name: categories categories_pkey; Type: CONSTRAINT; Schema: public; Owner: mantero
--

ALTER TABLE ONLY public.categories
    ADD CONSTRAINT categories_pkey PRIMARY KEY (id);


--
-- Name: order_details order_details_pkey; Type: CONSTRAINT; Schema: public; Owner: mantero
--

ALTER TABLE ONLY public.order_details
    ADD CONSTRAINT order_details_pkey PRIMARY KEY (id);


--
-- Name: order_statuses order_statuses_pkey; Type: CONSTRAINT; Schema: public; Owner: mantero
--

ALTER TABLE ONLY public.order_statuses
    ADD CONSTRAINT order_statuses_pkey PRIMARY KEY (id);


--
-- Name: orders orders_pkey; Type: CONSTRAINT; Schema: public; Owner: mantero
--

ALTER TABLE ONLY public.orders
    ADD CONSTRAINT orders_pkey PRIMARY KEY (id);


--
-- Name: products products_pkey; Type: CONSTRAINT; Schema: public; Owner: mantero
--

ALTER TABLE ONLY public.products
    ADD CONSTRAINT products_pkey PRIMARY KEY (id);


--
-- Name: provinces provinces_pkey; Type: CONSTRAINT; Schema: public; Owner: mantero
--

ALTER TABLE ONLY public.provinces
    ADD CONSTRAINT provinces_pkey PRIMARY KEY (id);


--
-- Name: schema_migrations schema_migrations_pkey; Type: CONSTRAINT; Schema: public; Owner: mantero
--

ALTER TABLE ONLY public.schema_migrations
    ADD CONSTRAINT schema_migrations_pkey PRIMARY KEY (version);


--
-- Name: users users_pkey; Type: CONSTRAINT; Schema: public; Owner: mantero
--

ALTER TABLE ONLY public.users
    ADD CONSTRAINT users_pkey PRIMARY KEY (id);


--
-- Name: index_active_admin_comments_on_author; Type: INDEX; Schema: public; Owner: mantero
--

CREATE INDEX index_active_admin_comments_on_author ON public.active_admin_comments USING btree (author_type, author_id);


--
-- Name: index_active_admin_comments_on_namespace; Type: INDEX; Schema: public; Owner: mantero
--

CREATE INDEX index_active_admin_comments_on_namespace ON public.active_admin_comments USING btree (namespace);


--
-- Name: index_active_admin_comments_on_resource; Type: INDEX; Schema: public; Owner: mantero
--

CREATE INDEX index_active_admin_comments_on_resource ON public.active_admin_comments USING btree (resource_type, resource_id);


--
-- Name: index_active_storage_attachments_on_blob_id; Type: INDEX; Schema: public; Owner: mantero
--

CREATE INDEX index_active_storage_attachments_on_blob_id ON public.active_storage_attachments USING btree (blob_id);


--
-- Name: index_active_storage_attachments_uniqueness; Type: INDEX; Schema: public; Owner: mantero
--

CREATE UNIQUE INDEX index_active_storage_attachments_uniqueness ON public.active_storage_attachments USING btree (record_type, record_id, name, blob_id);


--
-- Name: index_active_storage_blobs_on_key; Type: INDEX; Schema: public; Owner: mantero
--

CREATE UNIQUE INDEX index_active_storage_blobs_on_key ON public.active_storage_blobs USING btree (key);


--
-- Name: index_active_storage_variant_records_uniqueness; Type: INDEX; Schema: public; Owner: mantero
--

CREATE UNIQUE INDEX index_active_storage_variant_records_uniqueness ON public.active_storage_variant_records USING btree (blob_id, variation_digest);


--
-- Name: index_admin_users_on_email; Type: INDEX; Schema: public; Owner: mantero
--

CREATE UNIQUE INDEX index_admin_users_on_email ON public.admin_users USING btree (email);


--
-- Name: index_admin_users_on_reset_password_token; Type: INDEX; Schema: public; Owner: mantero
--

CREATE UNIQUE INDEX index_admin_users_on_reset_password_token ON public.admin_users USING btree (reset_password_token);


--
-- Name: index_order_details_on_order_id; Type: INDEX; Schema: public; Owner: mantero
--

CREATE INDEX index_order_details_on_order_id ON public.order_details USING btree (order_id);


--
-- Name: index_order_details_on_product_id; Type: INDEX; Schema: public; Owner: mantero
--

CREATE INDEX index_order_details_on_product_id ON public.order_details USING btree (product_id);


--
-- Name: index_orders_on_order_status_id; Type: INDEX; Schema: public; Owner: mantero
--

CREATE INDEX index_orders_on_order_status_id ON public.orders USING btree (order_status_id);


--
-- Name: index_orders_on_user_id; Type: INDEX; Schema: public; Owner: mantero
--

CREATE INDEX index_orders_on_user_id ON public.orders USING btree (user_id);


--
-- Name: index_products_on_category_id; Type: INDEX; Schema: public; Owner: mantero
--

CREATE INDEX index_products_on_category_id ON public.products USING btree (category_id);


--
-- Name: index_users_on_email; Type: INDEX; Schema: public; Owner: mantero
--

CREATE UNIQUE INDEX index_users_on_email ON public.users USING btree (email);


--
-- Name: index_users_on_province_id; Type: INDEX; Schema: public; Owner: mantero
--

CREATE INDEX index_users_on_province_id ON public.users USING btree (province_id);


--
-- Name: index_users_on_reset_password_token; Type: INDEX; Schema: public; Owner: mantero
--

CREATE UNIQUE INDEX index_users_on_reset_password_token ON public.users USING btree (reset_password_token);


--
-- Name: active_storage_attachments active_storage_attachments_blob_id_fkey; Type: FK CONSTRAINT; Schema: public; Owner: mantero
--

ALTER TABLE ONLY public.active_storage_attachments
    ADD CONSTRAINT active_storage_attachments_blob_id_fkey FOREIGN KEY (blob_id) REFERENCES public.active_storage_blobs(id);


--
-- Name: active_storage_variant_records active_storage_variant_records_blob_id_fkey; Type: FK CONSTRAINT; Schema: public; Owner: mantero
--

ALTER TABLE ONLY public.active_storage_variant_records
    ADD CONSTRAINT active_storage_variant_records_blob_id_fkey FOREIGN KEY (blob_id) REFERENCES public.active_storage_blobs(id);


--
-- Name: order_details order_details_order_id_fkey; Type: FK CONSTRAINT; Schema: public; Owner: mantero
--

ALTER TABLE ONLY public.order_details
    ADD CONSTRAINT order_details_order_id_fkey FOREIGN KEY (order_id) REFERENCES public.orders(id);


--
-- Name: order_details order_details_product_id_fkey; Type: FK CONSTRAINT; Schema: public; Owner: mantero
--

ALTER TABLE ONLY public.order_details
    ADD CONSTRAINT order_details_product_id_fkey FOREIGN KEY (product_id) REFERENCES public.products(id);


--
-- Name: orders orders_order_status_id_fkey; Type: FK CONSTRAINT; Schema: public; Owner: mantero
--

ALTER TABLE ONLY public.orders
    ADD CONSTRAINT orders_order_status_id_fkey FOREIGN KEY (order_status_id) REFERENCES public.order_statuses(id);


--
-- Name: orders orders_user_id_fkey; Type: FK CONSTRAINT; Schema: public; Owner: mantero
--

ALTER TABLE ONLY public.orders
    ADD CONSTRAINT orders_user_id_fkey FOREIGN KEY (user_id) REFERENCES public.users(id);


--
-- Name: products products_category_id_fkey; Type: FK CONSTRAINT; Schema: public; Owner: mantero
--

ALTER TABLE ONLY public.products
    ADD CONSTRAINT products_category_id_fkey FOREIGN KEY (category_id) REFERENCES public.categories(id);


--
-- Name: users users_province_id_fkey; Type: FK CONSTRAINT; Schema: public; Owner: mantero
--

ALTER TABLE ONLY public.users
    ADD CONSTRAINT users_province_id_fkey FOREIGN KEY (province_id) REFERENCES public.provinces(id);


--
-- PostgreSQL database dump complete
--

